name,Same-Sex Marriage,Legalize Divorce,Support Job Contractualization,Death Penalty,Requiring Public Officials to Publicize SALN,Assertion of Ownership on West Philippine Sea,Pass Anti-Political Dynasty Bill,Decriminalizing Abortion,Abolish NTF-ELCAC,War on Drugs,Legalize Medical Marijuana,Anti-Terror Law,Advancing Mining
ERNESTO ABELLA,https://www.gmanetwork.com/news/topstories/nation/822072/abella-to-allow-same-sex-civil-partnership-conditional-abortion/story/,https://businessmirror.com.ph/2022/02/28/cnn-phl-debate-civil-society-groups-to-have-bigger-role-in-an-abella-presidency/,x,https://www.sunstar.com.ph/article/126269/palace-revival-of-death-penalty-to-discipline-law-offenders,https://businessmirror.com.ph/2022/02/28/cnn-phl-debate-civil-society-groups-to-have-bigger-role-in-an-abella-presidency/,https://www.facebook.com/watch/?v=628754541553377,https://www.msn.com/en-ph/news/national/abella-to-push-for-anti-political-dynasty-law-if-elected-president/ar-AATVeYH?li=AA59GF&sa=U&ved=0ahUKEwjQ0tmtucHKAhXGOhoKHblQDisQwW4IHDAD&usg=AFQjCNG-isBSDxXbiFjqwXnkAI6qeF1MQw,https://www.gmanetwork.com/news/topstories/nation/822072/abella-to-allow-same-sex-civil-partnership-conditional-abortion/story/,https://newsinfo.inquirer.net/1555232/4-presidential-bets-open-to-peace-talks-with-communists,https://www.facebook.com/watch/live/?ref=watch_permalink&v=416952866857127,x,https://www.youtube.com/watch?v=i_VrkJFVeEc,https://www.youtube.com/watch?v=i_VrkJFVeEc
LEODY DE GUZMAN,https://www.rappler.com/nation/elections/leody-de-guzman-stand-same-sex-marriage-divorce/,https://www.cnnphilippines.com/news/2022/2/14/Ka-Leody-abortion-divorce.html,https://www.rappler.com/nation/elections/what-presidential-bets-would-do-first-days-office-if-elected-cnn-philippines-debate-2022/,https://twitter.com/ANCALERTS/status/1102222096137154561,https://www.rappler.com/nation/elections/presidential-aspirants-response-ferdinand-bongbong-marcos-jr-statement-salns-january-2022/,https://www.gmanetwork.com/news/topstories/nation/812147/leody-de-guzman-make-west-philippine-sea-an-economic-zone-for-sea-countries/story/,https://www.facebook.com/rapplerdotcom/photos/pcb.5398161930204546/5398161316871274,https://www.cnnphilippines.com/news/2022/2/14/Ka-Leody-abortion-divorce.html,https://www.cnnphilippines.com/news/2021/10/18/Ka-Leody-de-Guzman-NTF-ELCAC-anti-terrorism-law.html,https://twitter.com/philippinestar/status/1126432644634333188,https://www.rappler.com/nation/elections/leody-de-guzman-stand-same-sex-marriage-divorce/,https://www.cnnphilippines.com/news/2021/10/18/Ka-Leody-de-Guzman-NTF-ELCAC-anti-terrorism-law.html,https://www.rappler.com/nation/elections/224895-colmenares-de-guzman-want-mining-act-repealed/
NORBERTO GONZALES,x,https://www.rappler.com/nation/elections/de-guzman-lacson-consistent-pro-divorce-civil-union-cnn-philippines-presidential-debate-2022/,https://mb.com.ph/2022/01/31/gonzales-to-introduce-social-democratic-formula-in-economy-if-he-wins-presidency/,https://www.facebook.com/watch/?v=329790605733696&extid=CL-UNK-UNK-UNK-AN_GK0T-GK1C&ref=sharing,https://www.onenews.ph/articles/ex-defense-chief-release-itrs-not-just-salns-to-the-public,https://www.youtube.com/watch?v=MFabM1pUIJc,x,x,https://newsinfo.inquirer.net/1555232/4-presidential-bets-open-to-peace-talks-with-communists,https://www.youtube.com/watch?v=F3fu1e0OHO8,x,x,https://www.youtube.com/watch?v=YPGfvvB2VnY
PANFILO LACSON,https://mb.com.ph/2022/02/27/lacson-same-sex-marriage-no-civil-union-yes/,https://www.manilatimes.net/2022/01/24/news/national/lacson-backs-divorce-same-sex-civil-union/1830372,https://www.msn.com/en-ph/news/national/lacson-discloses-positions-on-contractualization-mining-ban-foi/ar-AAThu29?li=AA59GF&sa=U&ved=0ahUKEwjfwuitucHKAhVKnBoKHRp5CBYQFgghMAI&usg=AFQjCNG-isBSDxXbiFjqwXnkAI6qeF1MQw,https://newsinfo.inquirer.net/1543682/lacson-on-shifting-stance-on-death-penalty-is-it-wrong-to-change-your-mind-when-awakened-with-truth,https://newsinfo.inquirer.net/1544856/may-tinatago-lacson-says-on-politicians-refusing-to-release-saln#ixzz7N5xqSW3zz,http://legacy.senate.gov.ph/press_release/2021/1123_lacson2.asp,https://www.msn.com/en-ph/news/national/lacson-discloses-positions-on-contractualization-mining-ban-foi/ar-AAThu29?li=AA59GF&sa=U&ved=0ahUKEwjfwuitucHKAhVKnBoKHRp5CBYQFgghMAI&usg=AFQjCNG-isBSDxXbiFjqwXnkAI6qeF1MQw,https://m.facebook.com/inquirerdotnet/photos/a.10150441841044453/10161951131509453/,https://www.gmanetwork.com/news/topstories/nation/810945/lacson-ntf-elcac-should-be-streamlined-not-abolished/story/,https://newsinfo.inquirer.net/1464927/lacson-notes-admin-falling-short-of-campaign-vs-drugs-corruption#ixzz79ifz33tz,http://legacy.senate.gov.ph/press_release/2022/0202_lacson2.asp,https://newsinfo.inquirer.net/1525820/lacson-anti-terror-law-still-a-win-for-peace-even-if-parts-of-it-declared-unconstitutional,https://newsinfo.inquirer.net/1508797/lacson-backs-responsible-mining-joint-oil-exploration-in-west-ph-sea#ixzz7D94FjQvN
BONGBONG MARCOS,https://lifestyle.inquirer.net/207936/love-not-gender-defines-marriage-says-senator-marcos/,https://www.spot.ph/newsfeatures/59111/senators-dont-want-to-support-the-divorce-bill-because-their-wives-might-use-it-against-them,https://newsinfo.inquirer.net/1558980/marcos-vows-to-end-endo-too,https://legacy.senate.gov.ph/press_release/2016/0301_marcos1.asp,https://www.rappler.com/nation/elections/ferdinand-bongbong-marcos-jr-says-will-not-publicize-salns/,https://www.manilatimes.net/2022/02/16/news/national/bbm-to-push-sea-code-of-conduct/1833156,https://www.gmanetwork.com/news/topstories/nation/819342/marcos-jr-why-ban-political-dynasties/story/,https://www.rappler.com/nation/elections/ferdinand-bongbong-marcos-jr-okay-abortion-severe-cases-rape-incest/,https://newsinfo.inquirer.net/1555232/4-presidential-bets-open-to-peace-talks-with-communists,https://www.rappler.com/nation/bongbong-marcos-will-continue-drug-war-shield-from-international-criminal-court/,https://www.youtube.com/watch?v=3iBC8z--IzM,https://www.facebook.com/watch/?v=4335948846523191&ref=sharing,https://news.abs-cbn.com/business/01/25/22/marcos-jr-open-to-sustainable-mining
ISKO MORENO,https://newsinfo.inquirer.net/1545547/isko-moreno-says-he-respects-same-sex-union-lgbtqi-not-only-recognized-they-part-of-my-governance,https://twitter.com/rapplerdotcom/status/1484861283786969089,https://www.rappler.com/nation/elections/isko-moreno-contractualization-least-of-my-problems-covid-19/,https://mb.com.ph/2022/02/02/mayor-isko-no-to-death-penalty/?utm_source=rss&utm_medium=rss&utm_campaign=mayor-isko-no-to-death-penalty,https://www.gmanetwork.com/news/topstories/nation/822308/moreno-ok-with-revealing-saln-but-other-candidates-should-do-the-same/story/,https://newsinfo.inquirer.net/1550993/isko-moreno-says-china-must-respect-ph-claims-in-wps-vows-to-beef-up-defense-to-protect-fishermen,https://newsinfo.inquirer.net/1550841/isko-bans-relatives-from-public-office,https://newsinfo.inquirer.net/1546833/isko-moreno-opposes-abortion-even-for-rape-victims,https://news.abs-cbn.com/news/12/16/21/isko-moreno-against-defunding-ntf-elcac,https://newsinfo.inquirer.net/1562833/isko-moreno-says-his-war-on-drugs-will-focus-on-source,https://www.msn.com/en-ph/news/national/isko-says-no-to-legalization-of-medical-marijuana-says-system-should-be-fixed-first/ar-AAUy4VE?li=BBr8RiR&ref=hvper.com&utm_source=hvper.com&utm_medium=website,https://www.pna.gov.ph/articles/1106143,https://newsinfo.inquirer.net/1546319/moreno-ok-with-mining-but-it-must-be-responsible
MANNY PACQUIAO,https://www.philstar.com/headlines/2022/01/23/2155861/pacquiao-against-same-sex-marriages-says-he-has-many-lgbtq-supporters,https://www.gmanetwork.com/news/topstories/nation/823300/against-divorce-pacquiao-robredo-explain-how-they-ll-help-those-in-bad-marriages/story/,https://www.rappler.com/nation/elections/pacquiao-says-no-to-endo-wants-tax-cuts/,https://www.rappler.com/nation/elections/from-staunch-supporter-death-penalty-manny-pacquiao-says-not-now-january-2022/,https://www.philstar.com/headlines/2022/01/26/2156546/pacquiao-says-hes-willing-release-saln,https://newsinfo.inquirer.net/1444104/just-saying-what-needs-to-be-said,https://newsinfo.inquirer.net/1546047/fwd-pacquiao-says-to-ban-relatives-from-govt-seats-if-political-dynasty-law-is-passed,https://www.rappler.com/nation/elections/manny-pacquiao-reject-abortion-supports-counseling-rape-victims/,https://www.gmanetwork.com/news/topstories/nation/822262/pacquiao-anti-insurgency-drive-must-come-with-infra-development/story/?fbclid=IwAR2faeEpAPm1mlQjC33IecdIoL2rEVwt1T3wOxerl71Qb3654okuXhzf1is,https://newsinfo.inquirer.net/1523118/pacquiao-to-continue-war-on-drugs-but-in-the-right-way,https://www.facebook.com/rapplerdotcom/photos/pcb.5389520667735339/5389517477735658,https://www.rappler.com/nation/elections/pacquiao-open-abolishing-anti-terrorism-law/,https://www.gmanetwork.com/news/topstories/nation/602520/pacquiao-cites-bible-verses-in-pushing-for-responsible-mining/story/
LENI ROBREDO,https://www.rappler.com/nation/elections/robredo-stand-same-sex-unions-abortion/,https://www.gmanetwork.com/news/topstories/nation/823300/against-divorce-pacquiao-robredo-explain-how-they-ll-help-those-in-bad-marriages/story/,https://www.philstar.com/headlines/2022/03/02/2164420/robredo-vows-certify-security-tenure-bill-urgent,https://www.manilatimes.net/2022/01/31/news/robredo-opposed-to-reimposition-of-death-penalty/1831276,https://www.philstar.com/headlines/2022/02/01/2157687/require-public-officials-disclose-saln-robredo,https://www.rappler.com/nation/elections/robredo-china-policy-recognize-ruling-west-philippine-sea-first,https://www.cnnphilippines.com/news/2022/2/4/Leni-Robredo-anti-dynasty-runoff-elections.html,https://newsinfo.inquirer.net/1545730/very-conflicted-robredo-against-abortion-but-open-to-talks-for-its-decriminalization,https://newsinfo.inquirer.net/1512602/robredo-vows-to-abolish-ntf-elcac-create-conducive-environment-for-peace-talks,https://www.cnnphilippines.com/news/2022/1/13/robredo-drug-war.html,https://www.facebook.com/rapplerdotcom/photos/pcb.5389520667735339/5389517477735658,https://www.rappler.com/nation/leni-robredo-knowing-rights-best-defense-vs-anti-terror-law-abuses/,https://www.rappler.com/nation/elections/robredo-to-reverse-duterte-executive-order-lifting-mining-ban/
FAISAL MANGONDATO,https://www.gmanetwork.com/news/topstories/nation/822797/mangondato-favors-divorce-opposes-abortion-same-sex-marriage/story/,https://www.gmanetwork.com/news/topstories/nation/822797/mangondato-favors-divorce-opposes-abortion-same-sex-marriage/story/,x,https://www.gmanetwork.com/news/topstories/nation/822770/mangondato-wants-death-penalty-back-if-elected-president/story/,https://www.facebook.com/CNNPhilippines/photos/a.1566814060225154/3385942148312327/,x,https://ph.rappler.com/people/faisal-mangondato,https://www.gmanetwork.com/news/topstories/nation/822797/mangondato-favors-divorce-opposes-abortion-same-sex-marriage/story/,x,https://www.gmanetwork.com/news/topstories/nation/822770/mangondato-wants-death-penalty-back-if-elected-president/story/,x,x,x
JOSE MONTEMAYOR,https://www.gmanetwork.com/news/topstories/nation/821931/montemayor-says-same-sex-union-foolishness-disfavors-abortion-divorce-death-penalty/story/,https://www.gmanetwork.com/news/topstories/nation/821931/montemayor-says-same-sex-union-foolishness-disfavors-abortion-divorce-death-penalty/story/,https://www.youtube.com/watch?v=Q_AD-6diZYM,https://www.gmanetwork.com/news/topstories/nation/821931/montemayor-says-same-sex-union-foolishness-disfavors-abortion-divorce-death-penalty/story/,https://www.facebook.com/CNNPhilippines/photos/a.1566814060225154/3385942148312327/,https://www.facebook.com/watch/live/?ref=watch_permalink&v=440881441113276,x,https://www.gmanetwork.com/news/topstories/nation/821931/montemayor-says-same-sex-union-foolishness-disfavors-abortion-divorce-death-penalty/story/,https://www.msn.com/en-ph/news/national/montemayor-vows-to-halt-build-build-build-abolish-iatf-ntf-elcac/ar-AATRPan?li=BBr8Mkn,https://www.facebook.com/watch/live/?ref=watch_permalink&v=440881441113276,x,x,https://www.facebook.com/watch/live/?ref=watch_permalink&v=440881441113276
SARA DUTERTE,x,https://www.rappler.com/nation/201171-sara-duterte-clarifies-she-has-no-opinion-on-divorce/,https://www.apheda.org.au/widespread-protests-philippines/,https://tribune.net.ph/index.php/2019/09/02/faeldon-come-clean/,x,https://news.abs-cbn.com/news/04/10/19/sara-duterte-no-need-to-beg-china-in-disputed-waters,x,x,https://www.pna.gov.ph/articles/1138042,https://mb.com.ph/2019/02/26/sara-believes-public-supportive-of-war-against-drug/,https://mb.com.ph/2019/03/10/mayor-sara-backs-legalization-of-medical-marijuana/,https://www.pna.gov.ph/articles/1106098,https://newsinfo.inquirer.net/118035/davao-mayor-backs-proposed-ban-on-mining
LITO ATIENZA,https://www.cnnphilippines.com/news/2021/10/19/Atienza-same-sex-marriage-absolute-divorce.html?fbclid=IwAR0PK5PqBJ2JqbUt4-IxkD53bJiNXanfU-JZ7z1RBe7S5tQ7bzv1qeAZedM,https://www.cnnphilippines.com/news/2021/10/19/Atienza-same-sex-marriage-absolute-divorce.html?fbclid=IwAR0PK5PqBJ2JqbUt4-IxkD53bJiNXanfU-JZ7z1RBe7S5tQ7bzv1qeAZedM,https://manilastandard.net/news/national/300977/solon-sides-with-duterte-in-quashing-anti-endo-bill.html,https://newsinfo.inquirer.net/1138567/atienza-death-penalty-will-only-strengthen-those-abusive-in-power,https://eboto.ph/candidate/litoatienza/issue-rundown?scrollto=candidate-info-tab,https://newsinfo.inquirer.net/1511056/watch-inqside-look-with-vice-presidential-aspirant-lito-atienza,https://newsinfo.inquirer.net/1511056/watch-inqside-look-with-vice-presidential-aspirant-lito-atienza,https://www.youtube.com/watch?v=h-9-uzxDLf0,https://www.youtube.com/watch?v=n6h8myZCTss,https://newsinfo.inquirer.net/1511056/watch-inqside-look-with-vice-presidential-aspirant-lito-atienza?utm_medium=Social&utm_source=Facebook&fbclid=IwAR1Gf_BLVa0AHzxUSeTgDFJoRRn7cyefdgztZkro-cfvDmVruW6-EJ8_eRw#Echobox=1636164261,https://newsinfo.inquirer.net/1073817/atienza-rejects-bill-legalizing-medical-marijuana,https://mb.com.ph/2020/06/08/atienza-salceda-biazon-withdraw-support-for-anti-terror-bill/,x
WALDEN BELLO,https://newsinfo.inquirer.net/1505647/de-guzman-bello-tandem-wants-abortion-decriminalized-backs-divorce,https://newsinfo.inquirer.net/1505647/de-guzman-bello-tandem-wants-abortion-decriminalized-backs-divorce,https://www.gmanetwork.com/news/topstories/nation/808127/leody-de-guzman-walden-bello-electoral-platform-to-push-for-ban-on-endo/story/,https://news.abs-cbn.com/nation/02/12/16/petilla-bello-say-no-to-death-penalty,https://twitter.com/R2KRN_PH/status/1501892573044305921,https://opinion.inquirer.net/141090/china-us-must-both-stop-destabilization,https://www.gmanetwork.com/news/topstories/nation/823214/bello-calls-sara-a-coward-like-bongbong-while-railing-against-dynasties/story/,https://newsinfo.inquirer.net/1505647/de-guzman-bello-tandem-wants-abortion-decriminalized-backs-divorce,https://news.abs-cbn.com/news/12/13/21/vp-aspirant-walden-bello-crafts-proposed-peace-plan,https://newsinfo.inquirer.net/805816/dont-make-war-on-drugs-war-on-human-rights,x,https://cmfr-phil.org/media-ethics-responsibility/journalism-review/whats-at-stake-bulatlat-reminds-voters-of-candidates-stand-on-anti-terror-law/,https://politics.com.ph/walden-bello-pushes-for-mine-ban-wants-large-scale-loggers-liable-for-plunder/
WILLIE ONG,https://www.facebook.com/watch/?v=1342593999548377,X,https://www.philstar.com/headlines/2019/02/18/1894715/senate-bets-firm-stopping-endo,https://www.gmanetwork.com/news/topstories/nation/820957/ong-says-he-s-against-death-penalty-for-now/story/,https://eboto.ph/candidate/willie-ong/issue-rundown?scrollto=candidate-info-tab,https://www.facebook.com/watch/?v=1342593999548377,https://mb.com.ph/2022/02/26/on-political-dynasties-doc-willie-ong-proposes-gap-in-terms/,https://mobile.twitter.com/rapplerdotcom/status/1488395265161641985,https://www.facebook.com/watch/?v=1342593999548377,https://www.cnnphilippines.com/news/2022/2/27/Doc-Willie-public-health-approach-drug-war.html,https://www.rappler.com/nation/elections/things-to-know-doc-willie-ong/,https://www.facebook.com/watch/?v=1342593999548377,https://www.facebook.com/watch/?v=1342593999548377
KIKO PANGILINAN,https://twitter.com/rapplerdotcom/status/1447409870727118848,https://www.youtube.com/watch?v=n37xpLFDBQk,http://legacy.senate.gov.ph/press_release/2022/0203_pangilinan1.asp,https://newsinfo.inquirer.net/878496/pangilinan-vows-to-stop-death-penalty-bill-at-senate,x,http://legacy.senate.gov.ph/press_release/2021/0406_pangilinan1.asp,http://legacy.senate.gov.ph/press_release/2020/0719_pangilinan1.asp,https://twitter.com/kikopangilinan/status/38078776877391872,https://staging.ovp.gov.ph/post/press-conference-vice-president-leni-robredo-and-senator-kiko-pangilinan,https://newsinfo.inquirer.net/1314198/tokhang-very-effective-bato-says-as-pangilinan-questions-logic-on-drug-war-success#ixzz7AI3XQK4D,x,http://legacy.senate.gov.ph/press_release/2020/0703_pangilinan1.asp,x
TITO SOTTO,https://www.cnnphilippines.com/news/2020/10/22/Sotto-Pope-Francis-civil-union-same-sex-couples-.html,https://newsinfo.inquirer.net/1150279/sotto-most-senators-may-back-dissolution-of-marriage-but-not-divorce,https://news.abs-cbn.com/news/09/11/20/sotto-pushes-for-regularization-overtime-pay-other-benefits-for-media-workers,https://www.rappler.com/nation/elections/lacson-sotto-now-against-death-penalty-want-alcatraz-philippines/,https://newsinfo.inquirer.net/1516015/sotto-to-duterte-lead-the-way-show-your-saln,https://www.philstar.com/headlines/2022/02/26/2163596/vp-bets-pangilinan-sotto-look-foreign-partners-assert-rights-over-west-philippine-sea,x,https://newsinfo.inquirer.net/1141119/sotto-show-number-of-abortion-cases-before-probing-ph-for-killings,https://www.youtube.com/watch?v=xs8XwjaI1KI,https://www.gmanetwork.com/news/topstories/nation/820843/sotto-justifies-position-on-duterte-s-war-vs-illegal-drugs/story/,https://www.spot.ph/newsfeatures/55775/sen-tito-sotto-says-he-will-consider-supporting-the-legalization-of-medical-marijuana-if-theres-proof-it-can-benefit-the-sick,https://www.rappler.com/nation/262654-sotto-response-critics-only-terrorists-supporters-afraid-anti-terror-bill/,https://manilastandard.net/news/314208779/lacson-sotto-responsible-mining-will-protect-ips.html
RIZALITO DAVID,https://nerdyseal.com/same-sex-marriage-in-the-philippines/,https://votepilipinas.com/candidate/david-rizalito.html,https://www.facebook.com/watch/live/?ref=watch_permalink&v=278342217709908,https://www.facebook.com/tolitsyap.david/posts/1384729371584613,x,https://www.facebook.com/watch/live/?ref=watch_permalink&v=278342217709908,https://www.philstar.com/headlines/2013/05/04/938148/david-push-rh-law-repeal-land-use-act,https://votepilipinas.com/candidate/david-rizalito.html,x,https://www.facebook.com/tolitsyap.david/posts/5199228933467952,x,https://www.facebook.com/tolitsyap.david/posts/3245533598837505,https://www.pressreader.com/philippines/manila-times/20130317/281509338625089
CARLOS SERAPIO,x,x,x,x,x,x,https://www.cnnphilippines.com/news/2022/2/27/bello-ong-serapio-political-dynasties.html,x,x,x,x,x,x
MANNY LOPEZ,x,x,x,x,x,x,x,x,x,https://www.facebook.com/News5Everywhere/photos/a.182218585268237/2934953099994758,x,x,x