name,Same-Sex Marriage,Legalize Divorce,Support Job Contractualization,Death Penalty,Requiring Public Officials to Publicize SALN,Assertion of Ownership on West Philippine Sea,Pass Anti-Political Dynasty Bill,Decriminalizing Abortion,Abolish NTF-ELCAC,War on Drugs,Legalize Medical Marijuana,Anti-Terror Law,Advancing Mining
ERNESTO ABELLA,against,against,No stance,for,for,for,for,for,against,for,No stance,for,for
LEODY DE GUZMAN,for,for,against,against,for,for,for,For,for,against,for,against,against
NORBERTO GONZALES,No stance,against,against,against,for,for,No stance,No stance,No stance,against,No stance,No stance,neutral
PANFILO LACSON,against,for,against,against,for,for,for,Undecided,against,against,for,for,for
BONGBONG MARCOS,for,against,against,for,against,for,Against,for,against,for,for,Neutral,for
ISKO MORENO,against,for,against,against,for,for,for,against,against,for,against,for,for
MANNY PACQUIAO,against,against,against,against,for,for,for,against,neutral,for,against,against,for
LENI ROBREDO,against,against,against,against,for,for,for,against,against,against,for,against,against
FAISAL MANGONDATO,against,for,No stance,for,for,No stance,for,against,No stance,for,No stance,No stance,No stance
JOSE MONTEMAYOR,against,against,against,against,for,for,No stance,against,for,against,No stance,No stance,neutral
SARA DUTERTE,No stance,No stance,for,for,No stance,for,No stance,No stance,neutral,for,for,for,against
LITO ATIENZA,against,against,for,against,for,Neutral,for,against,neutral,for,against,against,No stance
WALDEN BELLO,for,for,against,against,for,for,for,for,for,against,for,against,against
WILLIE ONG,against,No stance,against,against,for,for,for,against,against,against,for,No stance,for
KIKO PANGILINAN,against,for,against,against,No stance,for,for,against,for,against,No stance,against,No stance
TITO SOTTO,against,against,against,against,for,for,No stance,against,against,for,against,for,for
RIZALITO DAVID,against,against,against,against,No stance,For,for,against,No stance,against,No stance,against,against
CARLOS SERAPIO,No stance,No stance,No stance,No stance,No stance,No stance,for,No stance,No stance,No stance,No stance,No stance,No stance
MANNY LOPEZ,No stance,No stance,No stance,No stance,No stance,No stance,No stance,No stance,No stance,for,No stance,No stance,No stance